{
  "100":"💯",
  "1234":"🔢",
  "grinning":"😀",
  "grimacing":"😬",
  "grin":"😁",
  "joy":"😂",
  "rofl":"🤣",
  "partying":"🥳",
  "smiley":"😃",
  "smile":"😄",
  "sweat_smile":"😅",
  "laughing":"😆",
  "innocent":"😇",
  "wink":"😉",
  "blush":"😊",
  "slightly_smiling_face":"🙂",
  "upside_down_face":"🙃",
  "relaxed":"☺️",
  "yum":"😋",
  "relieved":"😌",
  "heart_eyes":"😍",
  "smiling_face_with_three_hearts":"🥰",
  "kissing_heart":"😘",
  "kissing":"😗",
  "kissing_smiling_eyes":"😙",
  "kissing_closed_eyes":"😚",
  "stuck_out_tongue_winking_eye":"😜",
  "zany":"🤪",
  "raised_eyebrow":"🤨",
  "monocle":"🧐",
  "stuck_out_tongue_closed_eyes":"😝",
  "stuck_out_tongue":"😛",
  "money_mouth_face":"🤑",
  "nerd_face":"🤓",
  "sunglasses":"😎",
  "star_struck":"🤩",
  "clown_face":"🤡",
  "cowboy_hat_face":"🤠",
  "hugs":"🤗",
  "smirk":"😏",
  "no_mouth":"😶",
  "neutral_face":"😐",
  "expressionless":"😑",
  "unamused":"😒",
  "roll_eyes":"🙄",
  "thinking":"🤔",
  "lying_face":"🤥",
  "hand_over_mouth":"🤭",
  "shushing":"🤫",
  "symbols_over_mouth":"🤬",
  "exploding_head":"🤯",
  "flushed":"😳",
  "disappointed":"😞",
  "worried":"😟",
  "angry":"😠",
  "rage":"😡",
  "pensive":"😔",
  "confused":"😕",
  "slightly_frowning_face":"🙁",
  "frowning_face":"☹",
  "persevere":"😣",
  "confounded":"😖",
  "tired_face":"😫",
  "weary":"😩",
  "pleading":"🥺",
  "triumph":"😤",
  "open_mouth":"😮",
  "scream":"😱",
  "fearful":"😨",
  "cold_sweat":"😰",
  "hushed":"😯",
  "frowning":"😦",
  "anguished":"😧",
  "cry":"😢",
  "disappointed_relieved":"😥",
  "drooling_face":"🤤",
  "sleepy":"😪",
  "sweat":"😓",
  "hot":"🥵",
  "cold":"🥶",
  "sob":"😭",
  "dizzy_face":"😵",
  "astonished":"😲",
  "zipper_mouth_face":"🤐",
  "nauseated_face":"🤢",
  "sneezing_face":"🤧",
  "vomiting":"🤮",
  "mask":"😷",
  "face_with_thermometer":"🤒",
  "face_with_head_bandage":"🤕",
  "woozy":"🥴",
  "sleeping":"😴",
  "zzz":"💤",
  "poop":"💩",
  "smiling_imp":"😈",
  "imp":"👿",
  "japanese_ogre":"👹",
  "japanese_goblin":"👺",
  "skull":"💀",
  "ghost":"👻",
  "alien":"👽",
  "robot":"🤖",
  "smiley_cat":"😺",
  "smile_cat":"😸",
  "joy_cat":"😹",
  "heart_eyes_cat":"😻",
  "smirk_cat":"😼",
  "kissing_cat":"😽",
  "scream_cat":"🙀",
  "crying_cat_face":"😿",
  "pouting_cat":"😾",
  "palms_up":"🤲",
  "raised_hands":"🙌",
  "clap":"👏",
  "wave":"👋",
  "call_me_hand":"🤙",
  "\\+1":"👍",
  "-1":"👎",
  "facepunch":"👊",
  "fist":"✊",
  "fist_left":"🤛",
  "fist_right":"🤜",
  "v":"✌",
  "ok_hand":"👌",
  "raised_hand":"✋",
  "raised_back_of_hand":"🤚",
  "open_hands":"👐",
  "muscle":"💪",
  "pray":"🙏",
  "foot":"🦶",
  "leg":"🦵",
  "handshake":"🤝",
  "point_up":"☝",
  "point_up_2":"👆",
  "point_down":"👇",
  "point_left":"👈",
  "point_right":"👉",
  "fu":"🖕",
  "raised_hand_with_fingers_splayed":"🖐",
  "love_you":"🤟",
  "metal":"🤘",
  "crossed_fingers":"🤞",
  "vulcan_salute":"🖖",
  "writing_hand":"✍",
  "selfie":"🤳",
  "nail_care":"💅",
  "lips":"👄",
  "tooth":"🦷",
  "tongue":"👅",
  "ear":"👂",
  "nose":"👃",
  "eye":"👁",
  "eyes":"👀",
  "brain":"🧠",
  "bust_in_silhouette":"👤",
  "busts_in_silhouette":"👥",
  "speaking_head":"🗣",
  "baby":"👶",
  "child":"🧒",
  "boy":"👦",
  "girl":"👧",
  "adult":"🧑",
  "man":"👨",
  "woman":"👩",
  "blonde_woman":"👱‍♀️",
  "blonde_man":"👱",
  "bearded_person":"🧔",
  "older_adult":"🧓",
  "older_man":"👴",
  "older_woman":"👵",
  "man_with_gua_pi_mao":"👲",
  "woman_with_headscarf":"🧕",
  "woman_with_turban":"👳‍♀️",
  "man_with_turban":"👳",
  "policewoman":"👮‍♀️",
  "policeman":"👮",
  "construction_worker_woman":"👷‍♀️",
  "construction_worker_man":"👷",
  "guardswoman":"💂‍♀️",
  "guardsman":"💂",
  "female_detective":"🕵️‍♀️",
  "male_detective":"🕵",
  "woman_health_worker":"👩‍⚕️",
  "man_health_worker":"👨‍⚕️",
  "woman_farmer":"👩‍🌾",
  "man_farmer":"👨‍🌾",
  "woman_cook":"👩‍🍳",
  "man_cook":"👨‍🍳",
  "woman_student":"👩‍🎓",
  "man_student":"👨‍🎓",
  "woman_singer":"👩‍🎤",
  "man_singer":"👨‍🎤",
  "woman_teacher":"👩‍🏫",
  "man_teacher":"👨‍🏫",
  "woman_factory_worker":"👩‍🏭",
  "man_factory_worker":"👨‍🏭",
  "woman_technologist":"👩‍💻",
  "man_technologist":"👨‍💻",
  "woman_office_worker":"👩‍💼",
  "man_office_worker":"👨‍💼"
}
